Date,Product_Category,Region,Customer_Segment,Units_Sold,Unit_Price,Sales
2022-01-01,Furniture,West,New,94,465.79,43784.26
2022-01-02,Books,West,Regular,70,414.22,28995.4
2022-01-03,Groceries,West,New,81,69.32,5614.919999999999
2022-01-04,Books,West,Regular,51,284.67,14518.17
2022-01-05,Books,West,New,19,433.94,8244.86
2022-01-06,Clothing,North,New,42,288.05,12098.1
2022-01-07,Groceries,West,Loyal,35,454.06,15892.1
2022-01-08,Groceries,North,Regular,46,471.78,21701.879999999997
2022-01-09,Groceries,West,Loyal,26,214.08,5566.08
2022-01-10,Books,East,Regular,69,191.77,13232.130000000001
2022-01-11,Furniture,South,New,93,468.48,43568.64
2022-01-12,Groceries,North,New,64,339.19,21708.16
2022-01-13,Books,West,Regular,37,62.43,2309.91
2022-01-14,Clothing,East,Loyal,84,25.93,2178.12
2022-01-15,Furniture,South,Loyal,49,284.49,13940.01
2022-01-16,Clothing,North,Loyal,21,465.43,9774.03
2022-01-17,Furniture,South,Loyal,74,422.9,31294.6
2022-01-18,Books,East,New,64,339.54,21730.56
2022-01-19,Electronics,North,New,5,73.86,369.3
2022-01-20,Furniture,South,New,70,130.84,9158.800000000001
2022-01-21,Clothing,West,New,90,438.38,39454.2
2022-01-22,Books,North,New,4,95.49,381.96
2022-01-23,Furniture,South,Loyal,39,142.83,5570.370000000001
2022-01-24,Electronics,East,Loyal,35,69.15,2420.25
2022-01-25,Electronics,East,Loyal,1,339.67,339.67
2022-01-26,Groceries,North,Loyal,24,472.27,11334.48
2022-01-27,Groceries,South,New,57,138.14,7873.98
2022-01-28,Clothing,North,New,70,240.33,16823.100000000002
2022-01-29,Furniture,North,New,41,319.0,13079.0
2022-01-30,Furniture,South,Regular,54,499.74,26985.96
2022-01-31,Groceries,South,Loyal,46,56.88,2616.48
2022-02-01,Furniture,West,Loyal,60,251.79,15107.4
2022-02-02,Furniture,South,New,60,195.63,11737.8
2022-02-03,Electronics,East,Loyal,57,433.58,24714.059999999998
2022-02-04,Groceries,North,Loyal,31,240.6,7458.599999999999
2022-02-05,Books,North,New,84,59.93,5034.12
2022-02-06,Groceries,East,Regular,24,319.04,7656.960000000001
2022-02-07,Books,South,Regular,89,386.54,34402.060000000005
2022-02-08,Electronics,East,Regular,36,6.43,231.48
2022-02-09,Clothing,East,New,85,430.18,36565.3
2022-02-10,Furniture,West,Loyal,30,97.08,2912.4
2022-02-11,Electronics,East,New,24,278.27,6678.48
2022-02-12,Furniture,North,New,30,210.82,6324.599999999999
2022-02-13,Clothing,East,Loyal,86,361.23,31065.780000000002
2022-02-14,Clothing,North,Regular,92,188.72,17362.24
2022-02-15,Electronics,North,Regular,7,435.53,3048.71
2022-02-16,Clothing,North,New,35,366.6,12831.0
2022-02-17,Books,South,Regular,55,325.62,17909.1
2022-02-18,Clothing,West,New,92,399.14,36720.88
2022-02-19,Furniture,North,New,14,378.24,5295.360000000001
2022-02-20,Furniture,North,Loyal,10,22.79,227.89999999999998
2022-02-21,Furniture,South,Loyal,80,200.39,16031.199999999999
2022-02-22,Furniture,North,Loyal,16,465.75,7452.0
2022-02-23,Books,East,New,54,67.23,3630.42
2022-02-24,Groceries,East,Loyal,95,369.86,35136.700000000004
2022-02-25,Electronics,West,Regular,89,487.42,43380.380000000005
2022-02-26,Furniture,North,Regular,77,30.84,2374.68
2022-02-27,Clothing,South,New,70,342.69,23988.3
2022-02-28,Furniture,East,New,44,236.74,10416.560000000001
2022-03-01,Clothing,South,Loyal,73,291.69,21293.37
2022-03-02,Clothing,South,New,45,47.24,2125.8
2022-03-03,Furniture,East,New,56,26.29,1472.24
2022-03-04,Books,South,Regular,84,335.1,28148.4
2022-03-05,Clothing,East,Regular,82,412.54,33828.28
2022-03-06,Clothing,South,Loyal,57,392.1,22349.7
2022-03-07,Furniture,East,New,21,274.18,5757.78
2022-03-08,Clothing,North,New,68,54.43,3701.24
2022-03-09,Clothing,West,Regular,50,345.58,17279.0
2022-03-10,Furniture,East,New,33,124.73,4116.09
2022-03-11,Furniture,East,Regular,91,455.98,41494.18
2022-03-12,Electronics,West,Loyal,7,419.94,2939.58
2022-03-13,Books,East,Regular,70,356.14,24929.8
2022-03-14,Books,East,New,15,474.68,7120.2
2022-03-15,Clothing,South,Loyal,82,20.55,1685.1000000000001
2022-03-16,Books,West,Regular,32,369.42,11821.44
2022-03-17,Clothing,North,Regular,75,168.47,12635.25
2022-03-18,Electronics,East,Loyal,20,453.5,9070.0
2022-03-19,Furniture,West,Loyal,88,137.0,12056.0
2022-03-20,Furniture,South,Regular,15,363.8,5457.0
2022-03-21,Furniture,North,New,48,439.44,21093.12
2022-03-22,Books,West,Regular,71,25.62,1819.02
2022-03-23,Electronics,North,Loyal,21,201.84,4238.64
2022-03-24,Books,North,Regular,42,382.34,16058.279999999999
2022-03-25,Books,North,Loyal,26,230.18,5984.68
2022-03-26,Electronics,East,Loyal,14,137.29,1922.06
2022-03-27,Electronics,East,New,57,113.8,6486.599999999999
2022-03-28,Electronics,South,Loyal,37,70.1,2593.7
2022-03-29,Electronics,South,Loyal,58,429.28,24898.239999999998
2022-03-30,Furniture,West,New,21,289.8,6085.8
2022-03-31,Groceries,South,Loyal,82,42.81,3510.42
2022-04-01,Groceries,North,New,69,194.38,13412.22
2022-04-02,Electronics,North,New,3,187.03,561.09
2022-04-03,Groceries,East,Loyal,87,94.96,8261.519999999999
2022-04-04,Groceries,North,Loyal,90,220.58,19852.2
2022-04-05,Electronics,West,Regular,37,169.39,6267.429999999999
2022-04-06,Groceries,North,New,88,174.19,15328.72
2022-04-07,Books,North,Regular,49,370.82,18170.18
2022-04-08,Clothing,West,Loyal,19,115.52,2194.88
2022-04-09,Clothing,South,Regular,89,322.72,28722.08
2022-04-10,Electronics,South,New,85,287.47,24434.95
2022-04-11,Furniture,West,Regular,12,286.21,3434.5199999999995
2022-04-12,Electronics,East,New,61,333.19,20324.59
2022-04-13,Furniture,North,Loyal,41,276.45,11334.449999999999
2022-04-14,Clothing,West,Loyal,33,440.23,14527.59
2022-04-15,Electronics,North,New,50,339.41,16970.5
2022-04-16,Books,East,Loyal,68,275.75,18751.0
2022-04-17,Groceries,North,Loyal,71,415.73,29516.83
2022-04-18,Furniture,West,Loyal,86,305.04,26233.440000000002
2022-04-19,Groceries,North,Loyal,33,149.12,4920.96
2022-04-20,Groceries,South,New,81,107.51,8708.310000000001
2022-04-21,Electronics,East,Regular,24,80.4,1929.6000000000001
2022-04-22,Groceries,East,Regular,61,450.23,27464.030000000002
2022-04-23,Books,East,Loyal,61,356.52,21747.719999999998
2022-04-24,Groceries,West,Regular,98,469.0,45962.0
2022-04-25,Electronics,East,Regular,28,303.63,8501.64
2022-04-26,Books,South,Loyal,58,239.33,13881.140000000001
2022-04-27,Clothing,West,Loyal,43,34.56,1486.0800000000002
2022-04-28,Groceries,South,Regular,41,337.46,13835.859999999999
2022-04-29,Electronics,North,New,39,293.19,11434.41
2022-04-30,Clothing,North,Loyal,86,495.15,42582.9
2022-05-01,Clothing,North,New,49,123.38,6045.62
2022-05-02,Furniture,North,Regular,17,267.71,4551.07
2022-05-03,Books,South,Loyal,98,327.22,32067.56
2022-05-04,Groceries,West,New,70,324.07,22684.899999999998
2022-05-05,Electronics,West,Loyal,70,282.84,19798.8
2022-05-06,Furniture,East,Regular,98,389.58,38178.84
2022-05-07,Books,South,New,65,106.47,6920.55
2022-05-08,Furniture,North,Regular,74,364.19,26950.06
2022-05-09,Books,South,Regular,85,311.77,26500.449999999997
2022-05-10,Books,East,Loyal,5,448.56,2242.8
2022-05-11,Groceries,East,New,2,424.36,848.72
2022-05-12,Books,South,Regular,22,161.0,3542.0
2022-05-13,Furniture,South,Regular,57,141.74,8079.18
2022-05-14,Books,South,New,66,490.92,32400.72
2022-05-15,Groceries,West,Regular,74,266.0,19684.0
2022-05-16,Groceries,North,Regular,98,453.68,44460.64
2022-05-17,Furniture,South,New,16,86.12,1377.92
2022-05-18,Clothing,South,New,51,323.2,16483.2
2022-05-19,Clothing,South,New,39,405.88,15829.32
2022-05-20,Books,East,New,86,473.96,40760.56
2022-05-21,Electronics,East,Loyal,76,171.98,13070.48
2022-05-22,Books,West,New,88,363.87,32020.56
2022-05-23,Furniture,North,Loyal,40,271.71,10868.4
2022-05-24,Furniture,West,Loyal,38,35.01,1330.3799999999999
2022-05-25,Furniture,North,Loyal,60,346.55,20793.0
2022-05-26,Furniture,East,Regular,59,346.6,20449.4
2022-05-27,Furniture,East,Loyal,10,465.65,4656.5
2022-05-28,Groceries,East,Loyal,99,251.17,24865.829999999998
2022-05-29,Clothing,West,Regular,64,118.97,7614.08
2022-05-30,Furniture,South,Regular,63,27.06,1704.78
2022-05-31,Electronics,South,Regular,49,210.74,10326.26
2022-06-01,Electronics,East,New,64,154.45,9884.8
2022-06-02,Electronics,South,Regular,32,381.74,12215.68
2022-06-03,Electronics,South,Regular,7,180.36,1262.52
2022-06-04,Groceries,West,Loyal,21,474.79,9970.59
2022-06-05,Electronics,North,Regular,20,481.34,9626.8
2022-06-06,Furniture,East,New,26,312.35,8121.1
2022-06-07,Books,East,Regular,68,464.69,31598.92
2022-06-08,Electronics,West,New,86,381.62,32819.32
2022-06-09,Groceries,West,Regular,15,275.7,4135.5
2022-06-10,Groceries,South,Regular,85,94.25,8011.25
2022-06-11,Electronics,East,Regular,79,232.01,18328.79
2022-06-12,Books,North,Regular,86,282.63,24306.18
2022-06-13,Electronics,West,New,92,432.66,39804.72
2022-06-14,Groceries,North,New,14,243.26,3405.64
2022-06-15,Clothing,North,Loyal,27,449.35,12132.45
2022-06-16,Furniture,East,New,40,338.8,13552.0
2022-06-17,Groceries,East,Regular,58,72.81,4222.9800000000005
2022-06-18,Electronics,West,Loyal,28,497.52,13930.56
2022-06-19,Furniture,East,Loyal,26,265.98,6915.4800000000005
2022-06-20,Electronics,East,Loyal,63,198.97,12535.11
2022-06-21,Electronics,East,Regular,66,331.26,21863.16
2022-06-22,Clothing,North,New,25,58.9,1472.5
2022-06-23,Furniture,West,Regular,3,320.09,960.27
2022-06-24,Furniture,South,Loyal,72,251.63,18117.36
2022-06-25,Clothing,North,Regular,44,206.3,9077.2
2022-06-26,Groceries,East,Regular,97,476.74,46243.78
2022-06-27,Electronics,North,New,42,263.66,11073.720000000001
2022-06-28,Books,East,New,99,113.46,11232.539999999999
2022-06-29,Electronics,East,Loyal,6,232.19,1393.1399999999999
2022-06-30,Electronics,North,Regular,39,460.1,17943.9
2022-07-01,Groceries,West,Regular,52,92.17,4792.84
2022-07-02,Electronics,East,New,23,110.91,2550.93
2022-07-03,Clothing,West,Regular,89,11.45,1019.05
2022-07-04,Clothing,South,Regular,50,12.02,601.0
2022-07-05,Furniture,East,Regular,43,415.55,17868.65
2022-07-06,Books,West,New,19,367.4,6980.599999999999
2022-07-07,Electronics,West,Loyal,69,180.75,12471.75
2022-07-08,Electronics,South,Loyal,51,350.66,17883.66
2022-07-09,Groceries,West,Regular,11,200.63,2206.93
2022-07-10,Clothing,West,Loyal,12,476.68,5720.16
2022-07-11,Books,South,New,74,483.69,35793.06
2022-07-12,Furniture,East,New,8,199.43,1595.44
2022-07-13,Clothing,West,Loyal,24,427.84,10268.16
2022-07-14,Furniture,West,Loyal,92,387.68,35666.56
2022-07-15,Groceries,West,Regular,41,158.45,6496.45
2022-07-16,Groceries,North,Loyal,36,119.86,4314.96
2022-07-17,Electronics,South,Regular,85,231.83,19705.55
2022-07-18,Books,North,Regular,72,391.77,28207.44
2022-07-19,Furniture,South,New,55,480.28,26415.399999999998
2022-07-20,Clothing,East,New,9,382.97,3446.7300000000005
2022-07-21,Groceries,East,New,47,428.33,20131.51
2022-07-22,Electronics,West,New,15,303.52,4552.799999999999
2022-07-23,Electronics,South,Loyal,48,418.53,20089.44
2022-07-24,Furniture,East,New,82,393.29,32249.780000000002
2022-07-25,Groceries,South,Loyal,42,191.61,8047.620000000001
2022-07-26,Books,East,New,60,278.24,16694.4
2022-07-27,Groceries,North,Loyal,84,403.35,33881.4
2022-07-28,Furniture,East,Regular,70,27.8,1946.0
2022-07-29,Furniture,North,Loyal,12,405.0,4860.0
2022-07-30,Groceries,East,Loyal,2,93.05,186.1
2022-07-31,Furniture,West,New,7,259.77,1818.3899999999999
2022-08-01,Groceries,North,Loyal,80,405.1,32408.0
2022-08-02,Clothing,East,Regular,3,130.64,391.91999999999996
2022-08-03,Groceries,West,Regular,3,126.67,380.01
2022-08-04,Groceries,North,New,27,204.37,5517.99
2022-08-05,Furniture,West,Regular,40,447.85,17914.0
2022-08-06,Furniture,South,Loyal,33,5.22,172.26
2022-08-07,Electronics,South,Regular,92,451.18,41508.56
2022-08-08,Electronics,North,New,1,81.13,81.13
2022-08-09,Clothing,East,Loyal,8,495.09,3960.72
2022-08-10,Electronics,North,New,32,477.65,15284.8
2022-08-11,Groceries,West,Loyal,48,249.86,11993.28
2022-08-12,Furniture,East,Regular,4,258.8,1035.2
2022-08-13,Electronics,South,New,94,243.37,22876.78
2022-08-14,Electronics,East,New,70,319.54,22367.800000000003
2022-08-15,Clothing,South,Loyal,19,49.91,948.29
2022-08-16,Clothing,East,New,32,21.15,676.8
2022-08-17,Groceries,East,Loyal,9,33.56,302.04
2022-08-18,Furniture,East,Loyal,12,224.96,2699.52
2022-08-19,Clothing,West,Loyal,11,141.4,1555.4
2022-08-20,Electronics,West,Loyal,46,312.91,14393.86
2022-08-21,Furniture,North,Regular,16,496.26,7940.16
2022-08-22,Furniture,North,Loyal,1,196.23,196.23
2022-08-23,Electronics,South,New,63,289.05,18210.15
2022-08-24,Clothing,West,Regular,21,210.72,4425.12
2022-08-25,Electronics,South,New,30,424.4,12732.0
2022-08-26,Furniture,North,Regular,13,451.61,5870.93
2022-08-27,Books,South,Loyal,34,439.29,14935.86
2022-08-28,Books,North,Regular,4,487.31,1949.24
2022-08-29,Groceries,West,Regular,28,18.62,521.36
2022-08-30,Electronics,East,New,95,420.71,39967.45
2022-08-31,Electronics,West,New,59,377.13,22250.67
2022-09-01,Groceries,South,Loyal,27,118.2,3191.4
2022-09-02,Groceries,South,Regular,69,478.38,33008.22
2022-09-03,Groceries,West,Regular,25,78.35,1958.7499999999998
2022-09-04,Furniture,West,Regular,3,341.38,1024.1399999999999
2022-09-05,Electronics,North,Loyal,97,116.32,11283.039999999999
2022-09-06,Furniture,South,Loyal,68,218.53,14860.04
2022-09-07,Groceries,South,Loyal,25,360.98,9024.5
2022-09-08,Electronics,West,Loyal,20,283.85,5677.0
2022-09-09,Furniture,East,Loyal,34,216.61,7364.740000000001
2022-09-10,Furniture,South,New,26,166.54,4330.04
2022-09-11,Groceries,East,Regular,5,420.63,2103.15
2022-09-12,Electronics,West,Regular,99,76.19,7542.8099999999995
2022-09-13,Groceries,West,Regular,61,217.9,13291.9
2022-09-14,Electronics,North,Regular,92,452.36,41617.12
2022-09-15,Books,South,Regular,93,423.7,39404.1
2022-09-16,Clothing,East,Regular,9,203.47,1831.23
2022-09-17,Clothing,North,Regular,50,382.74,19137.0
2022-09-18,Clothing,South,Regular,6,412.46,2474.7599999999998
2022-09-19,Groceries,North,New,83,445.0,36935.0
2022-09-20,Books,West,Regular,60,274.53,16471.8
2022-09-21,Electronics,South,New,44,106.21,4673.24
2022-09-22,Furniture,North,Loyal,11,131.38,1445.1799999999998
2022-09-23,Electronics,North,Regular,66,151.37,9990.42
2022-09-24,Furniture,East,Loyal,47,298.93,14049.710000000001
2022-09-25,Electronics,North,Loyal,73,21.24,1550.52
2022-09-26,Books,South,Loyal,85,319.84,27186.399999999998
2022-09-27,Furniture,South,New,88,185.36,16311.68
2022-09-28,Groceries,East,Loyal,98,151.14,14811.72
2022-09-29,Electronics,South,Loyal,86,440.35,37870.1
2022-09-30,Electronics,West,Loyal,3,232.7,698.0999999999999
2022-10-01,Furniture,South,Regular,76,52.05,3955.7999999999997
2022-10-02,Groceries,South,Regular,92,414.24,38110.08
2022-10-03,Groceries,North,New,30,28.58,857.4
2022-10-04,Books,North,New,90,364.74,32826.6
2022-10-05,Groceries,South,Regular,21,388.08,8149.679999999999
2022-10-06,Groceries,East,New,28,179.54,5027.12
2022-10-07,Groceries,North,Regular,90,413.27,37194.299999999996
2022-10-08,Clothing,East,Loyal,62,260.25,16135.5
2022-10-09,Books,South,Loyal,33,234.33,7732.89
2022-10-10,Electronics,South,New,85,27.47,2334.95
2022-10-11,Furniture,West,Regular,35,148.56,5199.6
2022-10-12,Electronics,North,Regular,52,465.85,24224.2
2022-10-13,Books,South,New,34,198.95,6764.299999999999
2022-10-14,Furniture,West,Regular,41,275.62,11300.42
2022-10-15,Books,North,Loyal,51,268.35,13685.85
2022-10-16,Groceries,South,New,47,297.26,13971.22
2022-10-17,Furniture,South,New,82,35.36,2899.52
2022-10-18,Groceries,North,Regular,58,184.28,10688.24
2022-10-19,Electronics,North,New,75,362.95,27221.25
2022-10-20,Electronics,North,Regular,57,104.28,5943.96
2022-10-21,Furniture,South,Regular,23,105.77,2432.71
2022-10-22,Furniture,South,Regular,48,9.99,479.52
2022-10-23,Books,West,Regular,22,221.55,4874.1
2022-10-24,Books,East,Regular,17,441.95,7513.15
2022-10-25,Groceries,North,New,69,30.69,2117.61
2022-10-26,Furniture,South,Loyal,11,99.6,1095.6
2022-10-27,Electronics,South,Loyal,94,158.49,14898.060000000001
2022-10-28,Books,North,New,15,367.2,5508.0
2022-10-29,Books,East,New,91,322.11,29312.010000000002
2022-10-30,Electronics,North,Loyal,35,210.89,7381.15
2022-10-31,Books,East,Loyal,33,380.74,12564.42
2022-11-01,Groceries,South,Loyal,84,306.77,25768.68
2022-11-02,Furniture,East,Loyal,16,448.54,7176.64
2022-11-03,Electronics,West,Loyal,34,409.92,13937.28
2022-11-04,Furniture,South,Regular,66,130.14,8589.24
2022-11-05,Books,West,New,99,139.36,13796.640000000001
2022-11-06,Books,North,Regular,40,67.05,2682.0
2022-11-07,Electronics,North,Loyal,28,171.8,4810.400000000001
2022-11-08,Groceries,North,Loyal,47,499.77,23489.19
2022-11-09,Clothing,East,Loyal,39,205.85,8028.15
2022-11-10,Electronics,South,Regular,70,114.14,7989.8
2022-11-11,Clothing,North,Regular,73,382.43,27917.39
2022-11-12,Clothing,North,Loyal,20,273.52,5470.4
2022-11-13,Groceries,South,Regular,1,79.05,79.05
2022-11-14,Clothing,North,Regular,72,193.44,13927.68
2022-11-15,Clothing,West,Loyal,87,210.16,18283.92
2022-11-16,Groceries,South,Regular,63,378.15,23823.449999999997
2022-11-17,Clothing,South,New,67,15.23,1020.4100000000001
2022-11-18,Clothing,South,New,4,138.16,552.64
2022-11-19,Clothing,West,New,58,261.21,15150.179999999998
2022-11-20,Electronics,South,New,25,138.08,3452.0000000000005
2022-11-21,Electronics,West,Loyal,47,316.07,14855.289999999999
2022-11-22,Electronics,South,Loyal,38,243.52,9253.76
2022-11-23,Groceries,East,Loyal,15,184.05,2760.75
2022-11-24,Books,North,New,63,474.86,29916.18
2022-11-25,Clothing,East,New,21,317.92,6676.320000000001
2022-11-26,Clothing,North,Regular,99,69.32,6862.679999999999
2022-11-27,Groceries,West,Regular,57,282.25,16088.25
2022-11-28,Clothing,East,New,53,391.46,20747.379999999997
2022-11-29,Electronics,South,New,46,355.7,16362.199999999999
2022-11-30,Books,North,New,14,90.18,1262.52
2022-12-01,Furniture,North,New,76,486.35,36962.6
2022-12-02,Clothing,East,Regular,17,227.16,3861.72
2022-12-03,Electronics,West,New,39,83.72,3265.08
2022-12-04,Furniture,East,Regular,9,94.2,847.8000000000001
2022-12-05,Books,West,New,99,53.63,5309.37
2022-12-06,Furniture,West,New,77,402.74,31010.98
2022-12-07,Electronics,North,New,79,65.41,5167.389999999999
2022-12-08,Furniture,East,Regular,82,66.94,5489.08
2022-12-09,Groceries,East,Regular,97,425.98,41320.060000000005
2022-12-10,Furniture,West,Loyal,6,175.58,1053.48
2022-12-11,Clothing,East,New,91,20.27,1844.57
2022-12-12,Clothing,South,Loyal,23,30.69,705.87
2022-12-13,Groceries,South,Loyal,59,75.37,4446.83
2022-12-14,Electronics,East,Regular,91,110.63,10067.33
2022-12-15,Clothing,East,Regular,98,334.25,32756.5
2022-12-16,Books,West,Loyal,46,82.88,3812.4799999999996
2022-12-17,Clothing,South,New,38,63.84,2425.92
2022-12-18,Clothing,South,Regular,14,383.54,5369.56
2022-12-19,Electronics,North,New,72,337.17,24276.24
2022-12-20,Furniture,West,New,62,220.49,13670.380000000001
2022-12-21,Clothing,North,Loyal,35,276.91,9691.85
2022-12-22,Groceries,South,Loyal,19,159.43,3029.17
2022-12-23,Furniture,West,Loyal,30,243.84,7315.2
2022-12-24,Books,East,Loyal,78,255.8,19952.4
2022-12-25,Electronics,West,Regular,84,196.68,16521.12
2022-12-26,Books,East,Regular,25,453.75,11343.75
2022-12-27,Furniture,East,Loyal,40,12.95,518.0
2022-12-28,Furniture,West,Regular,88,392.17,34510.96
2022-12-29,Furniture,East,Loyal,14,66.57,931.9799999999999
2022-12-30,Books,North,New,26,399.79,10394.54
2022-12-31,Furniture,South,New,87,309.88,26959.56
2023-01-01,Books,East,New,22,422.42,9293.24
2023-01-02,Furniture,North,Loyal,48,53.27,2556.96
2023-01-03,Groceries,East,New,83,281.7,23381.1
2023-01-04,Furniture,South,Regular,51,253.04,12905.039999999999
2023-01-05,Books,North,New,3,354.57,1063.71
2023-01-06,Clothing,South,New,42,269.47,11317.740000000002
2023-01-07,Furniture,South,New,19,272.66,5180.540000000001
2023-01-08,Clothing,North,Regular,73,217.65,15888.45
2023-01-09,Groceries,North,Loyal,28,157.87,4420.360000000001
2023-01-10,Electronics,North,Regular,84,243.72,20472.48
2023-01-11,Groceries,West,Loyal,45,63.65,2864.25
2023-01-12,Furniture,North,Loyal,71,480.95,34147.45
2023-01-13,Clothing,North,New,78,358.63,27973.14
2023-01-14,Clothing,North,Loyal,63,476.47,30017.61
2023-01-15,Books,North,Regular,73,117.23,8557.79
2023-01-16,Clothing,East,Regular,19,440.27,8365.13
2023-01-17,Books,West,Loyal,47,405.35,19051.45
2023-01-18,Electronics,South,New,14,340.19,4762.66
2023-01-19,Furniture,North,New,38,314.39,11946.82
2023-01-20,Books,East,Regular,53,161.69,8569.57
2023-01-21,Electronics,East,New,61,409.12,24956.32
2023-01-22,Clothing,East,Loyal,36,253.25,9117.0
2023-01-23,Clothing,South,Loyal,40,40.09,1603.6000000000001
2023-01-24,Electronics,North,Regular,81,159.87,12949.470000000001
2023-01-25,Clothing,West,Loyal,30,467.97,14039.1
2023-01-26,Electronics,West,Regular,9,426.09,3834.81
2023-01-27,Books,East,Loyal,64,491.04,31426.56
2023-01-28,Books,South,Regular,33,315.86,10423.380000000001
2023-01-29,Electronics,South,New,52,127.52,6631.04
2023-01-30,Books,South,Loyal,89,85.59,7617.51
2023-01-31,Books,West,Loyal,14,97.52,1365.28
2023-02-01,Books,East,Regular,75,14.8,1110.0
2023-02-02,Groceries,North,Regular,53,198.39,10514.67
2023-02-03,Furniture,West,Loyal,99,99.76,9876.24
2023-02-04,Clothing,East,Regular,59,208.77,12317.43
2023-02-05,Groceries,East,Loyal,78,467.82,36489.96
2023-02-06,Books,North,New,94,218.12,20503.28
2023-02-07,Electronics,North,Regular,41,439.6,18023.600000000002
2023-02-08,Books,North,Loyal,68,304.72,20720.960000000003
2023-02-09,Furniture,South,New,68,127.33,8658.44
2023-02-10,Books,North,New,92,181.15,16665.8
2023-02-11,Electronics,East,Loyal,8,46.54,372.32
2023-02-12,Furniture,North,Regular,2,170.06,340.12
2023-02-13,Books,East,Loyal,86,340.38,29272.68
2023-02-14,Furniture,West,New,41,40.69,1668.29
2023-02-15,Clothing,South,Loyal,55,106.67,5866.85
2023-02-16,Clothing,West,Regular,16,193.81,3100.96
2023-02-17,Books,West,New,93,491.11,45673.23
2023-02-18,Furniture,East,Loyal,62,393.51,24397.62
2023-02-19,Electronics,West,Regular,48,368.08,17667.84
2023-02-20,Books,East,New,30,62.51,1875.3
2023-02-21,Clothing,North,Regular,12,391.59,4699.08
2023-02-22,Clothing,North,New,35,393.71,13779.849999999999
2023-02-23,Books,East,Loyal,11,302.55,3328.05
2023-02-24,Furniture,North,Regular,64,495.23,31694.72
2023-02-25,Clothing,South,New,50,166.0,8300.0
2023-02-26,Furniture,West,Regular,85,470.93,40029.05
2023-02-27,Clothing,South,Regular,21,457.79,9613.59
2023-02-28,Clothing,West,Loyal,69,10.68,736.92
2023-03-01,Groceries,North,Regular,48,227.81,10934.880000000001
2023-03-02,Clothing,South,New,20,488.67,9773.4
2023-03-03,Electronics,North,New,67,56.05,3755.35
2023-03-04,Books,West,New,44,276.15,12150.599999999999
2023-03-05,Books,East,New,33,489.58,16156.14
2023-03-06,Furniture,East,Loyal,73,279.97,20437.81
2023-03-07,Clothing,South,Regular,61,98.96,6036.5599999999995
2023-03-08,Electronics,North,Loyal,9,293.18,2638.62
2023-03-09,Furniture,North,Regular,68,106.2,7221.6
2023-03-10,Groceries,South,Regular,35,262.25,9178.75
2023-03-11,Furniture,East,Regular,81,41.65,3373.65
2023-03-12,Furniture,West,Loyal,98,304.71,29861.579999999998
2023-03-13,Clothing,South,Regular,88,260.81,22951.28
2023-03-14,Groceries,West,Loyal,96,371.38,35652.479999999996
2023-03-15,Furniture,East,New,65,317.2,20618.0
2023-03-16,Electronics,North,New,8,277.06,2216.48
2023-03-17,Electronics,East,Regular,45,346.44,15589.8
2023-03-18,Books,South,Loyal,87,76.25,6633.75
2023-03-19,Groceries,North,New,47,299.7,14085.9
2023-03-20,Groceries,South,Loyal,40,90.19,3607.6
2023-03-21,Books,South,Loyal,76,463.13,35197.88
2023-03-22,Furniture,East,Regular,54,38.83,2096.8199999999997
2023-03-23,Groceries,South,New,76,218.04,16571.04
2023-03-24,Electronics,East,Regular,46,349.42,16073.320000000002
2023-03-25,Electronics,North,Regular,47,231.72,10890.84
2023-03-26,Clothing,East,New,15,50.59,758.85
2023-03-27,Groceries,North,New,19,278.92,5299.4800000000005
2023-03-28,Furniture,East,Loyal,26,322.61,8387.86
2023-03-29,Books,West,New,52,353.38,18375.76
2023-03-30,Books,West,Loyal,93,189.76,17647.68
2023-03-31,Furniture,South,Loyal,22,284.01,6248.219999999999
2023-04-01,Clothing,East,Loyal,21,228.09,4789.89
2023-04-02,Books,East,New,51,337.67,17221.170000000002
2023-04-03,Groceries,North,Regular,38,293.86,11166.68
2023-04-04,Clothing,South,Loyal,20,265.25,5305.0
2023-04-05,Groceries,East,Regular,29,128.51,3726.79
2023-04-06,Electronics,South,Regular,51,6.0,306.0
2023-04-07,Clothing,West,New,4,91.17,364.68
2023-04-08,Books,East,Regular,55,62.95,3462.25
2023-04-09,Clothing,East,Regular,71,227.3,16138.300000000001
2023-04-10,Clothing,South,New,92,308.07,28342.44
2023-04-11,Clothing,East,Loyal,28,110.48,3093.44
2023-04-12,Clothing,South,Regular,4,469.83,1879.32
2023-04-13,Groceries,East,New,22,8.31,182.82000000000002
2023-04-14,Electronics,North,Regular,76,387.29,29434.04
2023-04-15,Furniture,South,Regular,45,314.48,14151.6
2023-04-16,Clothing,East,Loyal,67,189.91,12723.97
2023-04-17,Books,West,Regular,86,29.99,2579.14
2023-04-18,Clothing,East,New,66,315.61,20830.260000000002
2023-04-19,Books,West,Regular,88,195.88,17237.44
2023-04-20,Groceries,West,Loyal,34,468.45,15927.3
2023-04-21,Books,North,Loyal,91,273.29,24869.390000000003
2023-04-22,Furniture,South,New,55,470.13,25857.15
2023-04-23,Electronics,East,Loyal,1,114.14,114.14
2023-04-24,Books,North,Regular,72,364.23,26224.56
2023-04-25,Books,East,Loyal,87,310.54,27016.980000000003
2023-04-26,Electronics,West,New,38,371.01,14098.38
2023-04-27,Furniture,South,Loyal,6,111.26,667.5600000000001
2023-04-28,Clothing,East,Loyal,86,334.17,28738.620000000003
2023-04-29,Books,East,Loyal,25,251.53,6288.25
2023-04-30,Electronics,West,New,82,372.7,30561.399999999998
2023-05-01,Groceries,East,Loyal,17,166.89,2837.1299999999997
2023-05-02,Electronics,East,Loyal,61,445.58,27180.379999999997
2023-05-03,Groceries,West,Regular,12,46.73,560.76
2023-05-04,Furniture,North,New,6,404.56,2427.36
2023-05-05,Clothing,West,Loyal,90,431.35,38821.5
2023-05-06,Electronics,North,New,27,409.54,11057.58
2023-05-07,Books,South,Loyal,8,258.8,2070.4
2023-05-08,Furniture,North,Loyal,83,222.0,18426.0
2023-05-09,Electronics,North,Loyal,65,498.15,32379.75
2023-05-10,Books,South,Regular,57,118.44,6751.08
2023-05-11,Electronics,North,Regular,93,275.7,25640.1
2023-05-12,Groceries,West,Regular,99,336.98,33361.020000000004
2023-05-13,Electronics,North,New,40,351.93,14077.2
2023-05-14,Electronics,South,New,14,105.99,1483.86
2023-05-15,Electronics,West,Regular,35,328.73,11505.550000000001
2023-05-16,Furniture,South,New,48,410.09,19684.32
2023-05-17,Electronics,South,Loyal,84,29.76,2499.84
2023-05-18,Books,East,Loyal,56,456.2,25547.2
2023-05-19,Groceries,East,Loyal,49,19.6,960.4000000000001
2023-05-20,Groceries,South,Regular,13,181.21,2355.73
2023-05-21,Electronics,South,New,61,12.83,782.63
2023-05-22,Furniture,South,Regular,49,43.19,2116.31
2023-05-23,Furniture,East,New,46,456.03,20977.379999999997
2023-05-24,Books,East,Loyal,62,180.66,11200.92
2023-05-25,Electronics,North,Regular,8,215.26,1722.08
2023-05-26,Groceries,North,New,43,111.6,4798.8
2023-05-27,Furniture,South,New,20,300.56,6011.2
2023-05-28,Electronics,West,Loyal,97,299.43,29044.71
2023-05-29,Furniture,West,Regular,90,189.24,17031.600000000002
2023-05-30,Furniture,East,Regular,39,169.85,6624.15
2023-05-31,Groceries,East,Regular,85,443.06,37660.1
2023-06-01,Clothing,East,Loyal,49,194.73,9541.769999999999
2023-06-02,Books,South,Regular,64,249.28,15953.92
2023-06-03,Books,West,Loyal,62,145.24,9004.880000000001
2023-06-04,Groceries,North,Loyal,54,394.45,21300.3
2023-06-05,Furniture,South,Loyal,9,201.74,1815.66
2023-06-06,Electronics,North,New,88,259.24,22813.120000000003
2023-06-07,Furniture,North,Regular,37,130.41,4825.17
2023-06-08,Groceries,South,Regular,49,493.89,24200.61
2023-06-09,Books,North,Loyal,41,149.29,6120.889999999999
2023-06-10,Furniture,West,Loyal,17,386.52,6570.84
2023-06-11,Books,North,Regular,88,216.61,19061.68
2023-06-12,Electronics,West,Loyal,21,107.08,2248.68
2023-06-13,Books,West,Regular,51,400.86,20443.86
2023-06-14,Books,West,New,59,170.14,10038.259999999998
2023-06-15,Clothing,East,Loyal,39,433.27,16897.53
2023-06-16,Clothing,North,Regular,55,458.05,25192.75
2023-06-17,Clothing,South,Loyal,41,430.61,17655.010000000002
2023-06-18,Books,South,Regular,39,22.33,870.8699999999999
2023-06-19,Groceries,North,Regular,13,394.75,5131.75
2023-06-20,Books,East,Loyal,64,208.61,13351.04
2023-06-21,Groceries,East,New,11,437.49,4812.39
2023-06-22,Groceries,West,Regular,19,320.79,6095.01
2023-06-23,Clothing,North,Regular,11,417.65,4594.15
2023-06-24,Furniture,North,Regular,77,252.22,19420.94
2023-06-25,Electronics,South,New,46,269.84,12412.64
2023-06-26,Clothing,North,New,45,76.47,3441.15
2023-06-27,Clothing,East,Loyal,1,393.07,393.07
2023-06-28,Furniture,North,New,40,212.6,8504.0
2023-06-29,Electronics,South,Loyal,19,252.54,4798.26
2023-06-30,Books,West,Loyal,76,393.62,29915.12
2023-07-01,Books,South,New,72,301.43,21702.96
2023-07-02,Clothing,South,Loyal,72,104.54,7526.88
2023-07-03,Electronics,West,New,61,297.17,18127.370000000003
2023-07-04,Clothing,South,Loyal,12,206.78,2481.36
2023-07-05,Groceries,South,New,61,237.42,14482.619999999999
2023-07-06,Clothing,North,New,33,19.01,627.33
2023-07-07,Clothing,North,Loyal,45,108.96,4903.2
2023-07-08,Books,West,Regular,90,144.11,12969.900000000001
2023-07-09,Books,North,Loyal,92,357.92,32928.64
2023-07-10,Books,North,New,69,10.69,737.61
2023-07-11,Groceries,South,Regular,8,207.34,1658.72
2023-07-12,Books,East,Loyal,25,462.39,11559.75
2023-07-13,Electronics,North,Loyal,91,60.38,5494.58
2023-07-14,Furniture,East,Loyal,46,260.63,11988.98
2023-07-15,Electronics,North,Regular,87,394.33,34306.71
2023-07-16,Electronics,North,New,30,471.55,14146.5
2023-07-17,Books,West,Loyal,47,374.65,17608.55
2023-07-18,Furniture,West,Loyal,87,361.68,31466.16
2023-07-19,Furniture,West,Loyal,49,414.11,20291.39
2023-07-20,Furniture,East,Loyal,47,225.87,10615.89
2023-07-21,Groceries,South,Loyal,84,403.89,33926.76
2023-07-22,Books,North,New,82,8.94,733.0799999999999
2023-07-23,Furniture,North,New,18,462.66,8327.880000000001
2023-07-24,Groceries,North,Loyal,66,224.44,14813.039999999999
2023-07-25,Clothing,East,Regular,68,278.92,18966.56
2023-07-26,Clothing,West,New,94,131.17,12329.98
2023-07-27,Groceries,South,Regular,33,372.55,12294.15
2023-07-28,Groceries,East,New,36,42.93,1545.48
2023-07-29,Books,West,Loyal,82,436.95,35829.9
2023-07-30,Books,East,New,19,414.92,7883.4800000000005
2023-07-31,Clothing,South,Loyal,28,111.95,3134.6
2023-08-01,Furniture,West,New,40,405.62,16224.8
2023-08-02,Clothing,East,Loyal,84,394.25,33117.0
2023-08-03,Furniture,South,Loyal,97,317.95,30841.149999999998
2023-08-04,Furniture,North,Loyal,76,189.89,14431.64
2023-08-05,Books,South,Loyal,15,139.39,2090.85
2023-08-06,Electronics,North,Regular,41,119.73,4908.93
2023-08-07,Electronics,East,Loyal,39,162.71,6345.6900000000005
2023-08-08,Groceries,West,Regular,2,452.26,904.52
2023-08-09,Books,West,Regular,63,43.43,2736.09
2023-08-10,Furniture,East,Loyal,29,415.29,12043.41
2023-08-11,Electronics,West,Regular,74,177.7,13149.8
2023-08-12,Furniture,West,New,66,263.19,17370.54
2023-08-13,Electronics,North,Loyal,51,398.27,20311.77
2023-08-14,Electronics,East,Regular,75,442.77,33207.75
2023-08-15,Electronics,South,Loyal,77,175.67,13526.589999999998
2023-08-16,Books,North,Loyal,10,233.61,2336.1000000000004
2023-08-17,Clothing,East,Loyal,14,210.19,2942.66
2023-08-18,Furniture,North,Regular,82,11.56,947.9200000000001
2023-08-19,Books,South,New,51,151.49,7725.990000000001
2023-08-20,Books,South,New,73,232.3,16957.9
2023-08-21,Books,East,Regular,39,208.49,8131.110000000001
2023-08-22,Books,South,Loyal,28,362.35,10145.800000000001
2023-08-23,Books,North,Regular,3,195.48,586.4399999999999
2023-08-24,Groceries,South,Regular,84,247.24,20768.16
2023-08-25,Furniture,North,Regular,70,217.66,15236.199999999999
2023-08-26,Books,North,Loyal,27,371.61,10033.470000000001
2023-08-27,Furniture,South,Regular,2,432.17,864.34
2023-08-28,Groceries,East,Loyal,93,268.29,24950.97
2023-08-29,Groceries,West,Regular,38,395.77,15039.259999999998
2023-08-30,Furniture,South,New,3,151.91,455.73
2023-08-31,Electronics,North,Regular,16,272.98,4367.68
2023-09-01,Clothing,North,Regular,94,175.89,16533.66
2023-09-02,Electronics,South,New,40,210.03,8401.2
2023-09-03,Electronics,East,Loyal,2,367.54,735.08
2023-09-04,Electronics,East,Loyal,81,441.42,35755.020000000004
2023-09-05,Books,North,Regular,41,65.14,2670.7400000000002
2023-09-06,Groceries,North,New,12,319.15,3829.7999999999997
2023-09-07,Electronics,East,Loyal,35,293.16,10260.6
2023-09-08,Groceries,West,Regular,65,63.62,4135.3
2023-09-09,Furniture,South,New,55,109.89,6043.95
2023-09-10,Clothing,North,Loyal,45,158.95,7152.749999999999
2023-09-11,Furniture,North,Loyal,79,87.63,6922.7699999999995
2023-09-12,Furniture,East,New,90,125.65,11308.5
2023-09-13,Books,South,New,85,137.46,11684.1
2023-09-14,Clothing,East,New,62,171.16,10611.92
2023-09-15,Furniture,South,New,49,375.95,18421.55
2023-09-16,Furniture,South,Regular,95,288.1,27369.500000000004
2023-09-17,Clothing,South,New,25,493.19,12329.75
2023-09-18,Clothing,North,Loyal,23,210.29,4836.67
2023-09-19,Furniture,West,Loyal,24,378.16,9075.84
2023-09-20,Clothing,East,Regular,38,436.38,16582.44
2023-09-21,Furniture,West,Loyal,28,341.09,9550.519999999999
2023-09-22,Furniture,East,Loyal,21,208.87,4386.27
2023-09-23,Books,South,New,54,378.03,20413.62
2023-09-24,Electronics,North,Loyal,18,105.82,1904.7599999999998
2023-09-25,Furniture,West,Regular,36,167.14,6017.039999999999
2023-09-26,Groceries,North,New,99,275.61,27285.390000000003
2023-09-27,Electronics,East,New,45,289.83,13042.349999999999
2023-09-28,Electronics,North,Regular,73,15.96,1165.0800000000002
2023-09-29,Electronics,North,New,53,472.83,25059.989999999998
2023-09-30,Books,West,New,30,349.83,10494.9
2023-10-01,Furniture,South,Regular,60,250.37,15022.2
2023-10-02,Books,North,New,98,466.9,45756.2
2023-10-03,Furniture,South,Regular,32,222.35,7115.2
2023-10-04,Books,East,Regular,67,490.32,32851.44
2023-10-05,Books,North,Loyal,67,258.58,17324.86
2023-10-06,Groceries,West,Loyal,28,61.57,1723.96
2023-10-07,Books,East,New,44,383.58,16877.52
2023-10-08,Clothing,East,New,79,341.05,26942.95
2023-10-09,Groceries,West,Regular,41,387.63,15892.83
2023-10-10,Books,North,New,63,475.96,29985.48
2023-10-11,Electronics,North,Regular,23,389.36,8955.28
2023-10-12,Clothing,East,Regular,75,307.61,23070.75
2023-10-13,Clothing,North,New,48,429.37,20609.760000000002
2023-10-14,Clothing,South,Regular,32,338.26,10824.32
2023-10-15,Groceries,West,Loyal,57,207.02,11800.140000000001
2023-10-16,Books,South,New,33,443.38,14631.539999999999
2023-10-17,Books,North,Loyal,24,114.84,2756.16
2023-10-18,Electronics,East,New,39,358.75,13991.25
2023-10-19,Electronics,West,Regular,34,441.37,15006.58
2023-10-20,Clothing,North,New,56,367.0,20552.0
2023-10-21,Electronics,North,Loyal,28,350.15,9804.199999999999
2023-10-22,Groceries,East,Regular,37,377.56,13969.72
2023-10-23,Books,East,New,7,235.2,1646.3999999999999
2023-10-24,Clothing,South,New,68,437.71,29764.28
2023-10-25,Electronics,West,New,37,105.7,3910.9
2023-10-26,Groceries,West,Loyal,56,68.06,3811.36
2023-10-27,Groceries,East,Loyal,65,146.33,9511.45
2023-10-28,Electronics,South,New,65,268.13,17428.45
2023-10-29,Books,West,Regular,47,257.73,12113.310000000001
2023-10-30,Electronics,East,Regular,20,411.2,8224.0
2023-10-31,Clothing,North,Loyal,19,205.26,3899.9399999999996
2023-11-01,Electronics,West,Regular,29,244.75,7097.75
2023-11-02,Groceries,South,Loyal,74,11.62,859.88
2023-11-03,Electronics,South,New,60,207.82,12469.199999999999
2023-11-04,Books,South,Loyal,18,325.65,5861.7
2023-11-05,Furniture,North,Loyal,92,12.68,1166.56
2023-11-06,Electronics,West,New,35,144.04,5041.4
2023-11-07,Books,West,Regular,43,107.94,4641.42
2023-11-08,Books,North,Loyal,95,25.78,2449.1
2023-11-09,Groceries,West,Loyal,91,242.23,22042.93
2023-11-10,Books,North,New,11,94.95,1044.45
2023-11-11,Books,North,Regular,49,372.83,18268.67
2023-11-12,Books,North,Loyal,38,424.72,16139.36
2023-11-13,Books,South,New,64,275.06,17603.84
2023-11-14,Clothing,West,Loyal,69,490.95,33875.549999999996
2023-11-15,Clothing,North,New,8,227.99,1823.92
2023-11-16,Groceries,West,Regular,34,259.12,8810.08
2023-11-17,Electronics,South,Regular,48,494.66,23743.68
2023-11-18,Books,North,Regular,56,119.62,6698.72
2023-11-19,Electronics,East,Regular,76,471.56,35838.56
2023-11-20,Electronics,South,Loyal,65,26.2,1703.0
2023-11-21,Groceries,East,Loyal,31,225.96,7004.76
2023-11-22,Books,West,Regular,4,39.65,158.6
2023-11-23,Books,West,Regular,50,365.97,18298.5
2023-11-24,Furniture,South,Regular,69,306.16,21125.04
2023-11-25,Electronics,West,Loyal,30,354.78,10643.4
2023-11-26,Electronics,East,Regular,88,190.37,16752.56
2023-11-27,Clothing,North,Regular,59,187.89,11085.509999999998
2023-11-28,Furniture,North,Regular,67,27.43,1837.81
2023-11-29,Clothing,North,New,75,178.22,13366.5
2023-11-30,Clothing,South,Regular,45,465.0,20925.0
2023-12-01,Clothing,West,New,4,192.72,770.88
2023-12-02,Groceries,East,New,26,416.53,10829.779999999999
2023-12-03,Groceries,West,Regular,27,421.95,11392.65
2023-12-04,Clothing,West,New,46,189.75,8728.5
2023-12-05,Furniture,West,Regular,64,317.83,20341.12
2023-12-06,Electronics,North,Loyal,91,52.21,4751.11
2023-12-07,Furniture,East,Loyal,51,56.32,2872.32
2023-12-08,Books,East,Loyal,50,29.09,1454.5
2023-12-09,Groceries,West,Loyal,6,292.6,1755.6000000000001
2023-12-10,Electronics,North,New,59,215.91,12738.69
2023-12-11,Electronics,North,Regular,15,276.28,4144.2
2023-12-12,Books,East,Regular,30,262.93,7887.900000000001
2023-12-13,Books,North,Regular,42,178.35,7490.7
2023-12-14,Clothing,North,Loyal,37,340.35,12592.95
2023-12-15,Groceries,North,Loyal,42,380.46,15979.32
2023-12-16,Groceries,South,Regular,35,12.24,428.40000000000003
2023-12-17,Furniture,West,Loyal,87,107.58,9359.46
2023-12-18,Clothing,East,Regular,6,358.05,2148.3
2023-12-19,Clothing,East,Regular,68,196.38,13353.84
2023-12-20,Clothing,South,Regular,18,332.93,5992.74
2023-12-21,Clothing,West,Regular,73,176.75,12902.75
2023-12-22,Groceries,East,Regular,29,198.42,5754.179999999999
2023-12-23,Groceries,North,Regular,77,83.55,6433.349999999999
2023-12-24,Clothing,East,Regular,59,132.82,7836.379999999999
2023-12-25,Furniture,North,Loyal,47,304.68,14319.960000000001
2023-12-26,Electronics,South,Regular,17,219.42,3730.14
2023-12-27,Electronics,North,Regular,96,388.28,37274.88
2023-12-28,Furniture,East,Loyal,22,427.03,9394.66
2023-12-29,Clothing,East,Loyal,68,273.11,18571.48
2023-12-30,Groceries,East,Loyal,69,380.34,26243.46
2023-12-31,Electronics,South,Regular,37,156.92,5806.04
2024-01-01,Books,South,New,49,210.41,10310.09
2024-01-02,Books,West,New,13,357.82,4651.66
2024-01-03,Furniture,East,Loyal,34,196.17,6669.78
2024-01-04,Clothing,North,New,86,296.31,25482.66
2024-01-05,Electronics,South,Loyal,53,96.76,5128.280000000001
2024-01-06,Clothing,East,Regular,87,301.89,26264.43
2024-01-07,Electronics,East,New,51,431.45,22003.95
2024-01-08,Furniture,South,Regular,3,434.98,1304.94
2024-01-09,Furniture,West,New,42,363.55,15269.1
2024-01-10,Books,South,Regular,98,374.15,36666.7
2024-01-11,Clothing,South,New,32,281.17,8997.44
2024-01-12,Books,North,Regular,51,294.41,15014.910000000002
2024-01-13,Clothing,North,Regular,85,71.16,6048.599999999999
2024-01-14,Books,West,New,46,224.71,10336.66
2024-01-15,Groceries,East,Regular,21,228.13,4790.73
2024-01-16,Groceries,South,Regular,44,479.46,21096.239999999998
2024-01-17,Groceries,West,Regular,11,218.39,2402.29
2024-01-18,Groceries,North,New,68,276.92,18830.56
2024-01-19,Electronics,South,New,1,268.96,268.96
2024-01-20,Groceries,East,Regular,92,320.2,29458.399999999998
2024-01-21,Furniture,North,Regular,63,375.38,23648.94
2024-01-22,Furniture,North,New,24,116.4,2793.6000000000004
2024-01-23,Electronics,North,New,99,266.72,26405.280000000002
2024-01-24,Groceries,West,Regular,13,413.83,5379.79
2024-01-25,Groceries,East,Regular,98,234.24,22955.52
2024-01-26,Groceries,South,Regular,11,142.84,1571.24
2024-01-27,Books,West,Loyal,51,329.08,16783.079999999998
2024-01-28,Clothing,West,New,17,412.76,7016.92
2024-01-29,Books,West,Loyal,99,36.25,3588.75
2024-01-30,Clothing,North,New,82,389.51,31939.82
2024-01-31,Groceries,East,New,86,411.72,35407.920000000006
2024-02-01,Groceries,West,New,24,233.45,5602.799999999999
2024-02-02,Books,South,New,19,491.74,9343.06
2024-02-03,Books,East,New,37,394.42,14593.54
2024-02-04,Clothing,South,New,85,387.96,32976.6
2024-02-05,Furniture,East,New,8,375.18,3001.44
2024-02-06,Clothing,South,Loyal,28,79.55,2227.4
2024-02-07,Books,North,Regular,5,112.53,562.65
2024-02-08,Books,West,Regular,17,234.68,3989.56
2024-02-09,Electronics,South,Loyal,36,135.68,4884.4800000000005
2024-02-10,Books,East,Loyal,19,210.54,4000.2599999999998
2024-02-11,Electronics,West,Loyal,64,444.79,28466.56
2024-02-12,Furniture,West,Loyal,91,413.04,37586.64
2024-02-13,Clothing,East,New,98,316.87,31053.260000000002
2024-02-14,Clothing,South,Regular,11,429.77,4727.469999999999
2024-02-15,Electronics,North,New,54,392.97,21220.38
2024-02-16,Clothing,North,Regular,45,217.35,9780.75
2024-02-17,Books,South,Regular,47,104.53,4912.91
2024-02-18,Groceries,West,Loyal,12,259.53,3114.3599999999997
2024-02-19,Electronics,West,New,21,369.43,7758.03
2024-02-20,Clothing,West,Loyal,11,221.03,2431.33
2024-02-21,Electronics,West,New,92,335.05,30824.600000000002
2024-02-22,Electronics,South,Regular,5,51.69,258.45
2024-02-23,Groceries,West,Loyal,81,375.26,30396.059999999998
2024-02-24,Books,East,Loyal,56,407.29,22808.24
2024-02-25,Electronics,West,Regular,20,354.88,7097.6
2024-02-26,Clothing,North,Regular,41,483.8,19835.8
2024-02-27,Furniture,West,Regular,46,414.19,19052.74
2024-02-28,Electronics,South,Loyal,12,452.03,5424.36
2024-02-29,Electronics,North,New,70,467.12,32698.4
2024-03-01,Groceries,South,Loyal,17,401.67,6828.39
2024-03-02,Books,South,New,19,338.76,6436.44
2024-03-03,Furniture,North,Loyal,26,7.83,203.58
2024-03-04,Clothing,South,Loyal,48,235.58,11307.84
2024-03-05,Furniture,South,Regular,52,287.73,14961.960000000001
2024-03-06,Clothing,West,New,96,155.49,14927.04
2024-03-07,Books,East,Loyal,70,162.46,11372.2
2024-03-08,Clothing,South,Loyal,55,480.77,26442.35
2024-03-09,Groceries,South,Regular,75,446.4,33480.0
2024-03-10,Groceries,South,Regular,33,425.34,14036.22
2024-03-11,Groceries,West,New,62,205.98,12770.76
2024-03-12,Groceries,East,Loyal,88,11.78,1036.6399999999999
2024-03-13,Furniture,North,New,23,44.71,1028.33
2024-03-14,Books,West,Loyal,15,159.54,2393.1
2024-03-15,Clothing,West,New,27,12.79,345.33
2024-03-16,Clothing,East,Regular,75,13.49,1011.75
2024-03-17,Groceries,East,Loyal,64,458.72,29358.08
2024-03-18,Groceries,West,New,81,354.55,28718.55
2024-03-19,Electronics,North,Regular,51,157.93,8054.43
2024-03-20,Books,West,Regular,53,70.66,3744.98
2024-03-21,Furniture,East,New,78,258.26,20144.28
2024-03-22,Clothing,North,Loyal,91,7.65,696.15
2024-03-23,Electronics,East,Loyal,82,469.51,38499.82
2024-03-24,Electronics,North,Regular,92,210.33,19350.36
2024-03-25,Clothing,South,Loyal,51,204.16,10412.16
2024-03-26,Furniture,East,Loyal,47,198.34,9321.98
2024-03-27,Electronics,East,Loyal,4,39.32,157.28
2024-03-28,Electronics,West,Regular,7,320.97,2246.79
2024-03-29,Books,East,New,35,367.84,12874.4
2024-03-30,Furniture,East,Loyal,48,339.68,16304.64
2024-03-31,Electronics,South,Regular,73,73.53,5367.6900000000005
2024-04-01,Furniture,East,Regular,72,291.53,20990.159999999996
2024-04-02,Clothing,South,New,45,286.89,12910.05
2024-04-03,Groceries,South,Loyal,81,434.86,35223.66
2024-04-04,Electronics,South,Loyal,81,192.67,15606.269999999999
2024-04-05,Books,South,New,97,188.89,18322.329999999998
2024-04-06,Clothing,North,New,96,311.17,29872.32
2024-04-07,Furniture,West,Regular,72,318.37,22922.64
2024-04-08,Clothing,North,Regular,19,237.3,4508.7
2024-04-09,Electronics,East,New,63,224.31,14131.53
2024-04-10,Furniture,North,Loyal,38,249.6,9484.8
2024-04-11,Groceries,North,Regular,67,431.22,28891.74
2024-04-12,Clothing,East,Regular,59,233.28,13763.52
2024-04-13,Electronics,East,Loyal,69,470.27,32448.629999999997
2024-04-14,Books,East,Regular,13,254.48,3308.24
2024-04-15,Furniture,North,Loyal,47,474.85,22317.95
2024-04-16,Clothing,North,Loyal,61,417.25,25452.25
2024-04-17,Clothing,East,Loyal,31,184.4,5716.400000000001
2024-04-18,Groceries,West,New,80,432.5,34600.0
2024-04-19,Groceries,West,New,96,59.48,5710.08
2024-04-20,Books,South,New,22,462.9,10183.8
2024-04-21,Books,East,Loyal,93,317.66,29542.38
2024-04-22,Electronics,South,Loyal,86,31.92,2745.1200000000003
2024-04-23,Electronics,West,New,43,323.91,13928.130000000001
2024-04-24,Books,South,Regular,67,487.25,32645.75
2024-04-25,Books,East,Loyal,54,39.55,2135.7
2024-04-26,Furniture,East,Regular,10,279.57,2795.7
2024-04-27,Groceries,East,Regular,42,375.16,15756.720000000001
2024-04-28,Electronics,North,Loyal,64,406.08,25989.12
2024-04-29,Groceries,South,Loyal,21,209.84,4406.64
2024-04-30,Groceries,West,Regular,80,106.06,8484.8
2024-05-01,Books,West,Regular,76,25.96,1972.96
2024-05-02,Furniture,West,New,66,291.96,19269.359999999997
2024-05-03,Clothing,North,New,41,229.19,9396.789999999999
2024-05-04,Furniture,North,Loyal,24,474.63,11391.119999999999
2024-05-05,Furniture,East,New,35,35.0,1225.0
2024-05-06,Groceries,West,New,56,344.27,19279.12
2024-05-07,Furniture,North,New,30,17.36,520.8
2024-05-08,Electronics,East,New,57,89.86,5122.0199999999995
2024-05-09,Groceries,West,Regular,94,229.52,21574.88
2024-05-10,Electronics,South,Loyal,47,230.16,10817.52
2024-05-11,Clothing,East,New,35,344.42,12054.7
2024-05-12,Groceries,North,Regular,19,455.56,8655.64
2024-05-13,Clothing,North,Regular,8,321.32,2570.56
2024-05-14,Groceries,East,Regular,26,477.0,12402.0
2024-05-15,Books,East,New,71,441.4,31339.399999999998
2024-05-16,Furniture,North,New,30,294.33,8829.9
2024-05-17,Books,South,Loyal,7,417.73,2924.11
2024-05-18,Clothing,West,New,67,323.08,21646.36
2024-05-19,Furniture,South,New,65,43.89,2852.85
2024-05-20,Groceries,East,Regular,36,371.58,13376.88
2024-05-21,Furniture,South,Loyal,25,51.98,1299.5
2024-05-22,Electronics,North,New,37,299.07,11065.59
2024-05-23,Furniture,East,New,1,352.81,352.81
2024-05-24,Electronics,West,Regular,15,37.93,568.95
2024-05-25,Furniture,North,Regular,37,119.24,4411.88
2024-05-26,Electronics,North,New,13,458.26,5957.38
2024-05-27,Clothing,West,Loyal,8,310.08,2480.64
2024-05-28,Books,West,Loyal,5,126.91,634.55
2024-05-29,Groceries,South,Regular,60,346.89,20813.399999999998
2024-05-30,Furniture,East,Regular,73,300.4,21929.199999999997
2024-05-31,Books,West,New,1,253.28,253.28
2024-06-01,Groceries,West,Regular,36,488.21,17575.559999999998
2024-06-02,Groceries,East,New,35,343.31,12015.85
2024-06-03,Electronics,West,Loyal,66,190.84,12595.44
2024-06-04,Clothing,West,Loyal,63,401.04,25265.52
2024-06-05,Clothing,South,New,23,442.87,10186.01
2024-06-06,Books,North,Regular,9,66.98,602.82
2024-06-07,Clothing,North,Loyal,34,104.27,3545.18
2024-06-08,Furniture,North,Regular,46,112.03,5153.38
2024-06-09,Clothing,North,Loyal,78,347.15,27077.699999999997
2024-06-10,Books,West,New,4,303.5,1214.0
2024-06-11,Clothing,East,New,30,311.4,9342.0
2024-06-12,Furniture,East,New,95,470.68,44714.6
2024-06-13,Electronics,South,Loyal,75,389.08,29181.0
2024-06-14,Books,South,Regular,99,68.33,6764.67
2024-06-15,Electronics,West,Regular,72,177.02,12745.44
2024-06-16,Electronics,East,Regular,3,220.52,661.5600000000001
2024-06-17,Electronics,East,Loyal,14,201.0,2814.0
2024-06-18,Groceries,North,Loyal,60,336.31,20178.6
2024-06-19,Groceries,West,Loyal,77,446.49,34379.73
2024-06-20,Electronics,West,Loyal,45,156.5,7042.5
2024-06-21,Books,North,Loyal,96,278.18,26705.28
2024-06-22,Furniture,West,Regular,34,395.76,13455.84
2024-06-23,Furniture,West,Loyal,45,211.03,9496.35
2024-06-24,Clothing,South,Loyal,61,88.22,5381.42
2024-06-25,Books,East,Regular,83,240.1,19928.3
2024-06-26,Groceries,West,Loyal,16,32.34,517.44
2024-06-27,Electronics,South,Regular,66,471.48,31117.68
2024-06-28,Clothing,East,Regular,40,42.04,1681.6
2024-06-29,Furniture,North,New,17,222.04,3774.68
2024-06-30,Groceries,South,New,34,267.29,9087.86
2024-07-01,Groceries,South,New,16,492.73,7883.68
2024-07-02,Electronics,East,New,60,87.18,5230.8
2024-07-03,Furniture,North,Loyal,66,61.64,4068.2400000000002
2024-07-04,Books,South,New,66,9.31,614.46
2024-07-05,Groceries,West,Regular,90,82.01,7380.900000000001
2024-07-06,Electronics,West,Loyal,13,107.6,1398.8
2024-07-07,Books,West,New,56,317.14,17759.84
2024-07-08,Furniture,North,Regular,31,113.75,3526.25
2024-07-09,Groceries,South,Loyal,34,15.16,515.44
2024-07-10,Books,West,Loyal,39,414.18,16153.02
2024-07-11,Books,North,New,67,185.97,12459.99
2024-07-12,Books,West,Loyal,8,180.08,1440.64
2024-07-13,Groceries,East,Regular,87,154.73,13461.509999999998
2024-07-14,Groceries,South,Loyal,78,487.81,38049.18
2024-07-15,Clothing,South,Regular,55,89.21,4906.549999999999
2024-07-16,Furniture,North,Loyal,27,449.63,12140.01
2024-07-17,Electronics,North,New,93,389.52,36225.36
2024-07-18,Books,South,Regular,53,42.86,2271.58
2024-07-19,Clothing,West,Loyal,39,493.43,19243.77
2024-07-20,Electronics,West,Loyal,65,139.33,9056.45
2024-07-21,Clothing,East,Loyal,17,53.8,914.5999999999999
2024-07-22,Groceries,West,Regular,30,415.51,12465.3
2024-07-23,Books,North,Regular,53,354.8,18804.4
2024-07-24,Electronics,North,Regular,13,310.52,4036.7599999999998
2024-07-25,Electronics,West,New,21,82.21,1726.4099999999999
2024-07-26,Electronics,North,New,19,241.86,4595.34
2024-07-27,Electronics,South,Regular,53,391.38,20743.14
2024-07-28,Electronics,South,Loyal,19,155.29,2950.5099999999998
2024-07-29,Clothing,West,New,57,159.29,9079.529999999999
2024-07-30,Books,South,Regular,25,6.55,163.75
2024-07-31,Groceries,South,Loyal,86,91.25,7847.5
2024-08-01,Groceries,East,New,31,438.33,13588.23
2024-08-02,Groceries,East,Loyal,81,223.66,18116.46
2024-08-03,Groceries,South,Loyal,55,492.2,27071.0
2024-08-04,Clothing,West,Loyal,23,200.88,4620.24
2024-08-05,Furniture,East,Loyal,32,359.02,11488.64
2024-08-06,Books,North,New,62,144.55,8962.1
2024-08-07,Electronics,North,New,74,185.09,13696.66
2024-08-08,Furniture,North,New,10,99.41,994.0999999999999
2024-08-09,Groceries,West,Regular,72,176.8,12729.6
2024-08-10,Furniture,South,New,54,275.88,14897.52
2024-08-11,Books,North,Loyal,52,495.93,25788.36
2024-08-12,Electronics,West,New,20,333.78,6675.599999999999
2024-08-13,Electronics,East,Loyal,32,103.63,3316.16
2024-08-14,Books,South,Regular,14,27.26,381.64000000000004
2024-08-15,Books,East,Loyal,50,67.55,3377.5
2024-08-16,Groceries,West,Loyal,28,283.46,7936.879999999999
2024-08-17,Electronics,North,Loyal,53,383.75,20338.75
2024-08-18,Furniture,North,Regular,24,470.51,11292.24
2024-08-19,Clothing,West,New,79,12.83,1013.57
2024-08-20,Clothing,North,New,22,263.77,5802.94
2024-08-21,Books,South,Regular,30,238.08,7142.400000000001
2024-08-22,Groceries,West,Loyal,63,329.75,20774.25
2024-08-23,Clothing,East,New,4,281.99,1127.96
2024-08-24,Electronics,West,Regular,77,345.08,26571.16
2024-08-25,Books,South,New,59,330.75,19514.25
2024-08-26,Furniture,South,Regular,87,62.92,5474.04
2024-08-27,Books,West,Loyal,8,400.86,3206.88
2024-08-28,Furniture,West,New,82,66.0,5412.0
2024-08-29,Books,North,Regular,12,350.77,4209.24
2024-08-30,Books,South,New,31,210.99,6540.6900000000005
2024-08-31,Books,West,New,78,259.36,20230.08
2024-09-01,Furniture,West,New,34,452.13,15372.42
2024-09-02,Furniture,South,New,82,445.49,36530.18
2024-09-03,Books,West,Regular,98,409.84,40164.32
2024-09-04,Clothing,North,Loyal,75,257.52,19314.0
2024-09-05,Groceries,South,Regular,76,369.44,28077.44
2024-09-06,Groceries,North,Regular,49,258.88,12685.119999999999
2024-09-07,Groceries,North,Regular,79,435.46,34401.34
2024-09-08,Furniture,North,Loyal,57,204.37,11649.09
2024-09-09,Furniture,North,New,95,485.27,46100.65
2024-09-10,Clothing,South,New,93,466.5,43384.5
2024-09-11,Groceries,North,New,26,372.09,9674.34
2024-09-12,Groceries,North,Loyal,18,143.31,2579.58
2024-09-13,Books,West,New,96,70.17,6736.32
2024-09-14,Furniture,South,Loyal,86,428.08,36814.88
2024-09-15,Groceries,South,New,38,86.82,3299.16
2024-09-16,Clothing,East,New,81,427.86,34656.66
2024-09-17,Clothing,South,Regular,87,247.93,21569.91
2024-09-18,Groceries,South,Loyal,88,206.25,18150.0
2024-09-19,Furniture,East,Regular,50,452.08,22604.0
2024-09-20,Clothing,South,Regular,8,303.91,2431.28
2024-09-21,Books,South,Regular,41,290.42,11907.220000000001
2024-09-22,Clothing,South,Loyal,6,281.59,1689.54
2024-09-23,Electronics,South,Loyal,69,188.73,13022.369999999999
2024-09-24,Electronics,East,New,44,393.89,17331.16
2024-09-25,Furniture,South,Regular,64,130.14,8328.96
2024-09-26,Groceries,South,New,29,469.75,13622.75
